carpark,Latitude,Longitude,category,weekdays_rate_1,weekdays_rate_2,saturday_rate,sunday_publicholiday_rate,Geolocation
25 Toa Payoh Lorong 8,1.3385327,103.8598579,"Central, North & North East",Daily: $1.30 / 30 Mins,-,-,-,
45 Burghley Drive,1.3595449,103.8596699,"Central, North & North East",$0.018 /min,$0.018 /min,$0.018 /min,$0.018 /min,
Ang Mo Kio Hub,1.36953,103.8484398,"Central, North & North East",Mon-Fri: $1.20 for 1st hr; $0.60 for sub. ½ hr or part thereof.,-,"Sat, Sun / Ph: $1.30 for 1st hr; $0.65 for sub. ½ hr or part thereof.",Same as Saturday,
Balestier Plaza,1.3256181,103.8503963,"Central, North & North East",Daily: $1.12 per hr,-,-,-,
Balestier Point,1.3227672,103.851969,"Central, North & North East",8am-10pm: $1.20 per hr,Aft 10pm: $2 per entry,Same as wkdays,$2 per entry,
Bras Basah Complex,1.2966145,103.8540002,"Central, North & North East",7am-5pm: $1 for ½ hr,5pm-1am: $0.50 for ½ hr,Same as wkdays,7am-1am: $0.50 for ½ hr,
Causeway Point,1.4360933,103.7859471,"Central, North & North East",7am-10.30pm: $1.20 for 1st hr or part thereof; $0.60 for sub.½ hr or part thereof.,7am-10.30pm: $1.20 for 1st hr or part thereof; $0.60 for sub. ½ hr or part thereof.,7am-12 midnight: $1.20 for 1st hr or part thereof; $0.60 for sub. ½ hr or part thereof.,Same as Saturday,
Central Place,38.8965152,-77.0712996,"Central, North & North East",$1.80 for 1st hr; $0.85 for ½ hr,$1.80 for 1st hr; $0.85 for ½ hr,$1.80 for 1st hr; $0.85 for ½ hr,$2.50 per entry,
City Square Mall,35.1052041,-114.5961085,"Central, North & North East",7am-6pm: $1.20 for 1st hr; $0.60 for sub. 30 mins or part thereof.,6pm-3.30am: $3 per entry.,7am-6pm: $1.40 for 1st hr; $0.70 for sub. 30 mins; 6pm-3.30am: $3.50 per entry.,Same as Saturday,
Compass Point,44.4136799,-68.5868017,"Central, North & North East",Daily(7am-11pm): $1.20 for 1st hr or part thereof; $0.60 for sub. ½ hr or part thereof.,-,-,-,
Goldhill Plaza,1.3177979,103.8433497,"Central, North & North East",7am-5.30pm: $1.60 for 1st hr; $1 for sub. ½ hr,5.30pm-12am: $2 per entry,7am-5.30pm: $1 per hr; Aft 5.30pm: $2 per entry,Same as Saturday,
Heartland Mall,31.737686,-98.960871,"Central, North & North East",7am-10.30pm: $1 per hr,Aft 10.30pm: $2 per hr,Same as wkdays,Same as wkdays,
Hindoo Road Off-Street,1.3079731,103.8547067,"Central, North & North East",Daily: 0700-0700: $0.50 / 30 mins (Per Minute Charging),-,-,-,
Hougang Green Shopping Mall,1.3796363,103.8882148,"Central, North & North East",7am-5pm: $1.07 for 1st hr; $0.55 for sub. ½ hr,Aft 5pm: $1.20 per entry,Same as wkdays,7am-12am: $2.15 per entry; Aft 12am: $1.20 per entry,
Hougang Mall,1.3725894,103.8937225,"Central, North & North East",1st hr: $1.20;  2nd hr: $0.70 per ½ hr; 3rd hr onwards: $1 per ½ hr,1st hr: $1.20;  2nd hr: $0.70 per ½ hr; 3rd hr onwards: $1 per ½ hr,1st hr: $1.30;  2nd hr: $0.70 per ½ hr; 3rd hr onwards: $1 per ½ hr,Same as Saturday,
Hougang Plaza,1.3725894,103.8937225,"Central, North & North East",5am-5pm: $0.40 for ½ hr,Aft 5pm: $1.50 per entry,Same as wkdays,$1.50 per entry,
Junction 8 Shopping Centre,1.3506808,103.8487631,"Central, North & North East",12am-5.59pm - $1.07 for 1st hr; $0.32 for sub. 15 mins,Mon-Thu: 6pm-11.59pm: $2.14 per entry; Fri/Eve of PH: 6pm-2.59am: $2.14 per entry,3am-5.59pm: $2.14 for 1st 2hrs; $0.32 for sub. 15 mins; 6pm-2.59am: $2.14 per entry,3am-5.59pm: $2.14 for 1st 2hrs; $0.32 for sub. 15 mins; 6pm-11.59pm: $2.14 per entry,
Kampong Bugis Off-Street,1.3076771,103.8660563,"Central, North & North East",Daily: 0700-0700: $0.50 /30 mins (Per Minute Charging),-,-,-,
Kampong Kapor Road Off-Street,1.3079731,103.8547067,"Central, North & North East",Daily: 0700-0700: $0.50 /30 mins (Per Minute Charging),-,-,-,
Mustafa Centre,38.8125,-77.1833333,"Central, North & North East",Daily: 1st hr: Free; $2 for sub. hr,-,-,-,
Nex Mall,38.9978931,-77.0943545,"Central, North & North East",Mon-Fri: $1.30 for 1st hr; $0.65 for sub. ½ hr,-,"Sat, Sun / Ph: $1.40 for 1st hr; $0.70 for sub. ½ hr",Same as Saturday,
Northpoint Shopping Centre,37.8061564,-122.4128912,"Central, North & North East",Daily: $1.20 for 1st hr or part thereof; $0.80 for sub. ½ hr or part thereof.,-,-,-,
Parliament House,26.2385833,-80.0895246,"Central, North & North East",8.01am-6pm: $1.13 per ½ hr (per min basis),6.01pm-8am: $2.06 per entry,Same as wkdays,$2.06 per entry,
Ramada Hotel,36.1233041,-95.8844381,"Central, North & North East",6am-6pm: $1.60 per hr,Aft 6pm: $2.20 per entry,Same as wkdays,Same as wkdays,
Rivervale Mall,1.3919537,103.9047236,"Central, North & North East","Daily: $1.28 for 1st hr, $0.64 for sub. 30 mins or part thereof.",-,-,-,
Sembawang Shopping Centre,1.4419459,103.8250936,"Central, North & North East",12am-11.59pm: $1.20 for 1st hr; $0.32 for sub. 15 mins,$1.20 for 1st hr; $0.30 for sub. 15 mins,Same as wkdays,Same as wkdays,
Shaw Plaza,42.2407929,-71.4322232,"Central, North & North East",8am-5pm: $1.04 for 1st hr; $0.53 for sub. ½ hr,Aft 5pm: $1.55 per entry,Same as wkdays,Same as wkdays,
Shrewsbury Road Off-Street,1.318254,103.8483153,"Central, North & North East","Daily, 0700-0700: $0.50 /30 mins (Per Minute Charging)",-,-,-,
Square 2,40.0759539,-75.2876985,"Central, North & North East",7am-6pm: $1.60 for 1st hr; $0.80 for sub. ½ hr,Aft 6pm: $2.20 per entry,Same as wkdays,$2.20 for 1st 4hrs; $1.10 for sub. ½ hr; Aft 6pm: $2.20 per entry,
Sun Plaza,42.7034058,-71.4430982,"Central, North & North East",7am-5pm: $1.20 for 1st hr; $0.65 for sub. ½ hr,5pm-11pm: $2.20 per entry; Aft 11pm: $3.30 per entry,Same as wkdays,Same as wkdays,
The Verge,39.1276674,-84.5189829,"Central, North & North East",7am-5pm: $1.60 per hr,5pm-12am: $2.50 per entry; Aft 12am: $1.30 per hr,Same as wkdays,7am-12am: $2.50 per entry; Aft 12am: $2 per hr,
Thomson Plaza,33.4623848,-82.5058896,"Central, North & North East",7am-12am: $1 for 1st hr; $0.60 for sub. ½ hr,7am-12am: $1 for 1st hr; $0.60 for sub. ½ hr,7am-11am & 4pm-12am: $1.20 for 1st hr; $0.70 for sub. ½ hr; 11am-4pm: $1.20 for 1st hr; $1 for sub. ½ hr,Same as Saturday,
Toa Payoh HDB Hub,1.3323583,103.8479611,"Central, North & North East",7am-6pm: $0.50 per ½ hr,6pm-1am: $1 per entry; Aft 10.30pm: $2 per entry,Same as wkdays,7am-1am: $1 per entry; Aft 10.30pm: $2 per entry,
United Square Shopping Mall,1.3175161,103.8431831,"Central, North & North East",7pm-6pm: $2.20 for 1st hr; $1.10 for sub. hr,Aft 6pm: $2 per entry,7am-6pm: $2.20 for 1st 2hrs; $1.10 for sub. hr; Aft 6pm: $2 per entry,Same as Saturday,
Velocity @ Novena Square,1.3199572,103.8439076,"Central, North & North East",6am-6pm: $1.60 for 1st hr; $0.80 for sub. ½ hr,Aft 6pm: $2.20 per entry,Same as wkdays,Same as wkdays,
Yishun YS-ONE,1.4386873,103.8413713,"Central, North & North East",0700-2230: $0.0167 /min,2230-0700: $0.0167 /min ;(Capped at $4.00),Same as wkdays,"0700-2230: Free Parking, 2230-0700: $0.0167/min (Capped at $4.00)",
112 Katong,1.3052204,103.905072,East,6am-9.59am: $0.54 for 1st hr; $0.16 for sub. 15mins. 10am-5.59pm: $1.07 for 1st hr; $0.27 for sub. 15mins.,6pm-8.59pm:$1.28 for 1st 30mins; $0.65 for sub. 15mins. 9pm-5.59am: $0.54 for 1st hr; $0.16 for sub. 15mins.,6am-9.59am: $0.54 for 1st hr; $0.16 for sub. 15mins. 10am-8.59pm: $1.28 for 1st 30mins; $0.65 for sub. 15mins. 9pm-5.59am: $0.54 for 1st hr; $0.16 for sub. 15mins.,Same as Saturday,
Bedok Mall,1.3244894,103.92902,East,"Daily: 12-11.59pm: $1.50 for 1st hr, $0.40 for sub. 15 mins",-,-,-,
Bedok Point,1.3249305,103.9323811,East,$1.20 for 1st hr or part thereof; $0.70 for sub ½ hr or part thereof.,$1.20 for 1st hr or part thereof; $0.70 for sub ½ hr or part thereof.,Same as wkdays,Same as wkdays,
Century Square,42.2113037,-83.253737,East,3.01am-6pm: S$1.07 for 1st hr and S$0.32 every 15 mins or part thereof.,6.01am-3am: $2.14 per entry,3.01am-6pm:S$0.32 every 15 mins or part thereof; 6.01am-3am:$2.14 per entry.,Same as Saturday,
Changi Airport - South Car Park (between T2 and JetQuay),1.3500475,103.9870276,East,"$0.035 per min. Capped at $35 per 24hrs. (Limited parking spaces and on a first-come, first-served basis)",$0.035 per min. Capped at $35 per 24hrs.,$0.035 per min. Capped at $35 per 24hrs.,Same as Saturday,
"Changi Airport - T1, T2, T3",1.3542367,103.9876162,East,"$0.04 per min      *Based on the per-minute rate of S$0.04, 24 hours of parking will be S$57.60.",$0.04 per min,$0.04 per min,Same as Saturday,
Changi City Point,1.3342732,103.9627387,East,7.01am-6pm: $0.70 per ½ hr or part thereof.,6.01pm-7am: $2.50 per entry,7.01am-5pm: $2.50 for 1st 2hrs or part thereof; $1.20 for sub. ½ hr or part thereof. 5.01pm-7am: $2.50 per entry,Same as Saturday,
Changi Village Hotel,1.3904644,103.9860557,East,8am-6pm: $2 for 1st hr; $1.50 for sub. hr,Aft 6pm: $5.35 per entry,Same as wkdays,Same as wkdays,
City Plaza,39.0411929,-94.5902228,East,8am-5pm: $1.10 for 1st hr; $0.70 for sub. ½ hr,5pm-12am: $1.20 per entry; Aft 12am: $2.40 per entry,Same as wkdays,7am-12am: $1.20 per entry; Aft 12am: $2.40 per entry,
D'Resort,36.5259395,-93.3074586,East,"Mon-Thu (excluding PH, Eve of PH & School Holiday) $0.024 per min; Max/day: $15 (Valid up to 12 midnight and not applicable for multiple entries).","Mon-Thu (excluding PH, Eve of PH & School Holiday) $0.024 per min; Max/day: $15 (Valid up to 12 midnight and not applicable for multiple entries).","Fri-Sat (Including PH, Eve of PH & School Holiday) $0.024 per min; 5pm-12am: $5 per entry. Max/day: $19.",Same as Saturday,
Downtown East,44.9759107,-93.2545872,East,"Mon-Thu (excluding PH, Eve of PH & School Holiday) $0.024 per min; Max/day: $12.50 (Valid up to 12 midnight and not applicable for multiple entries).","Mon-Thu (excluding PH, Eve of PH & School Holiday) 5pm-12am: $2.40 per entry. Max/day:$12.50; Fri: $3.40 per entry.","Fri-Sat (Including PH, Eve of PH & School Holiday) $0.024 per min; 5pm-12am: $3.40 per entry. Max/day: $16.",Same as Saturday,
East Coast Park E1/E2/E3 Off-Street,1.3007842,103.9121866,East,Daily: 0700-0700: $0.50 /30 Mins (Per Minute Charging),-,-,-,
Eastpoint Mall,39.2933353,-76.509545,East,"Daily: $1.20 for 1st hr or part thereof, $0.30 for sub. 15 mins or part thereof.",-,Same as wkdays,Same as wkdays,
Grand Mecure Roxy Hotel,1.3032177,103.9047014,East,Daily: $1.60 per hr,-,-,-,
IKEA (Tampines),1.374177,103.9322926,East,Daily free: 7am-11pm,-,-,-,
Katong Shopping Centre,1.303903,103.9011732,East,7am-6pm: $1 per hr,Aft 6pm: $2 per entry,Same as wkdays,$2 per entry,
Katong Village,1.3036204,103.9029678,East,8am-6pm: $2.20 per hr,Aft 6pm: $6 per entry,Same as wkdays,Same as wkdays,
Lifelong Learning Institute,37.5071029,-77.6543807,East,6am-5:59pm: $0.90 per ½ hr. Full Day Parking-6am-11:59pm: $16.,6pm-11.59pm: $3.21 per entry; 12am-5.59am: $12 per entry,Same as wkdays,6am-11:59pm: $3.21 per entry; 12am-5.59am: $12 per entry,
Paramount Hotel,40.759535,-73.9870088,East,8am-5pm: $0.60 per ½ hr,Aft 5pm: $2.50 per entry,Same as wkdays,$2.50 per entry,
Parkway Parade,1.3013366,103.9052333,East,6am-6pm: $1 for 1st hr;  $0.40 for sub. ½ hr,6pm-2am: $1.50 per entry; Aft 2am: $20 per entry,6am-10am: $0.50 for 1st hr; $0.40 for sub.15 mins; 10am-6pm: $1.30 for 1st hr; $0.40 for sub. 15 mins; 6pm-2am: $2.10 per entry. Aft 2am: $20 per entry,Same as Saturday,
Roxy Square,40.7191799,-74.0049163,East,7am-6pm: $1.20 for 1st hr; $1.40 for sub. hr,5pm-12am: $2.50 per entry,Same as wkdays,Same as wkdays,
Singapore Expo,1.3335251,103.959537,East,Daily: $3.20 for 1st 2hrs; $1.50 for sub. ½ hr (Maximum Daily Charge:$20),-,Same as wkdays,Same as wkdays,
Singapore Post Centre,1.3190065,103.8943833,East,"7am-5pm: $1.60 for 1st hr, $1.00 for next sub  ½ hr","5pm-12am: $3/entry. 12am-7am: $1.60 for 1st hr, $1.00 for next sub ½ hr.","7am-1pm: $1.60 for 1st hr, $1 for next sub  ½ hr. 1pm-12am: $3 per entry; 12am-7am $1.60 for 1st hr, $1.00 for next sub ½ hr.","7am-12am: $3 per entry; 12am-7am $1.60 for 1st hr, $1.00 for next sub ½ hr .",
Tampines 1,1.3540351,103.9453692,East,1st hr $1.07; 2nd hr $0.55 per ½ hr; Aft 2hrs: $0.35 per 15 mins,1st hr $1.07; 2nd hr $0.55 per ½ hr; Aft 2hrs: $0.35 per 15 mins,1st hr $1.28; 2nd hr $0.60 per ½ hr; Aft 2hrs: $0.45 per 15 mins,Same as Saturday,
Tampines Junction,1.3522182,103.9416951,East,8am-5pm: $1 for 1st hr; $0.50 for sub. ½ hr,Aft 5pm: $2 per entry,"Charges same as wkdays, but closed after 2pm",Closed,
Tampines Mall,1.3524936,103.9447179,East,12am-5:59pm: $1.07 for 1st hr; $0.32 for sub. 15mins,Mon-Thu: 6pm-11.59pm: $2.14 per entry; Fri & Eve of PH: 6pm-2.59am: $2.14 per entry,3am-5.59pm: $2.14 for 1st 2hrs; $0.32 for sub. 15mins; 6pm-2.59am: $2.14 per entry,3am-5.59pm: $2.14 for 1st 2hrs; $0.32 for sub. 15mins; 6pm-11.59am: $2.14 per entry,
Tampines Plaza (Compaq Centre),1.3528354,103.9427922,East,8am-5pm: $1 per ½ hr,Aft 5pm: $2 per entry,Same as wkdays,$2 per entry,
Telepark,1.3535191,103.9420929,East,Daily: 7am-10pm: $0.70 per ½ hr (An additional surcharge of $22 per exit after 10pm),-,-,-,
White Sands Shopping Centre,32.9297142,-105.9635888,East,7am-7pm: $1.20 per hr for 1st 2hrs; $1.20 for sub. ½ hr,Aft 7pm: $2 per entry,Same as wkdays,Same as wkdays,
Amara Hotel,34.8696044,-111.7585063,Hotels,8am-4.59pm: $2 per ½ hr,5pm-7.59am (the following day) : $3 per entry,Same as wkdays,$3 per entry,
Berjaya Hotel,51.5120278,-0.1866111,Hotels,8.30am-5pm: $1 per ½ hr,5pm-10pm: $1 per hr; Aft 10pm: Free,Same as wkdays,8.30am-10pm: $1 per hr. Aft 10pm: Free,
Carlton Hotel,35.4894281,-120.6701662,Hotels,7am-6pm: $3 for 1st hr; $1.50 for for sub. ½ hr,Aft 6pm: $6 per entry,Same as wkdays,Same as wkdays,
Changi Village Hotel,1.3904644,103.9860557,Hotels,8am-6pm: $2 for 1st hr; $1.50 for sub. hr,Aft 6pm: $5.35 per entry,Same as wkdays,Same as wkdays,
Concorde Hotel,40.7600087,-73.9704053,Hotels,7am-6pm: $2.14 for 1st hr; $1.39 for sub. ½ hr,Aft 6pm: $3.75 per entry,Same as wkdays,$3.75 per entry,
Conrad Centennial Hotel,1.2932404,103.8587623,Hotels,7am-6pm: $3.30 for 1st hr; $1.10 for sub.½ hr,Aft 6pm: $2.20 per entry,$2.20 for 1st 2hrs; $1.10 for sub. hr,Same as Saturday,
Copthorne King's Hotel,1.2882607,103.8366064,Hotels,7am-12am: $3 for 1st hr; $1.50 for sub ½ hr,Aft 12am: $4 for 1st hr; $2 for sub ½ hr,Same as wkdays,Same as wkdays,
Copthorne Orchid Hotel,5.4671564,100.2923097,Hotels,"8am-5pm: $1.50 for 1st hr; $1 for sub. hr, per day $20)",Aft 5pm: $3 per entry,Same as wkdays,Same as wkdays,
Elizabeth Hotel,40.5875363,-105.073791,Hotels,7am-5pm: $3 for 1st hr; $1.50 for sub. ½ hr,Aft 5pm: $4 per entry,$4 per entry,Same as Saturday,
Four Seasons Hotel,38.6337127,-90.1848297,Hotels,6am-5pm: $6 for 1st hr; $3 for sub. ½ hr,Aft 5pm: $6 per entry,Same as wkdays,Same as wkdays,
Furama City Centre Singapore,1.2864727,103.8446054,Hotels,5am-5pm: $1.40 for 1st ½ hr; $1.50 for sub. ½ hr,Aft 5pm: $3 per entry,Same as wkdays,$3 per entry,
Furama Riverfront Singapore,1.2877389,103.8359953,Hotels,7am-5pm: $1 per ½ hr,Aft 5pm: $6 per entry,Same as wkdays,Same as wkdays,
Gallery Hotel,41.104538,-72.3601113,Hotels,"12pm-2pm: $3 for 1st hr; $1 for sub. ½ hr; $2 for 1st hr, $0.50 for sub. ½ hr from 2.01pm to 6.00pm for Mon-Thu",6pm-11.59pm: $3 for 1st hr; $1 for sub. ½ hr; $2 for 1st hr; $0.50 for sub. ½ hr  from 12am-11.59am for Mon-Thu,"6am-11.59pm: $3 for 1st hr; $0.50 for sub. ½ hr, $3 for 1st hr; $0.50 for sub. ½ hr from 12am-1.59am for Fri-Sun/PH",$2 for 1st hr; $0.50 for sub. ½ hr from 2.01am-6am for Fri-Sun/PH,
Goodwood Park Hotel,1.3084774,103.834405,Hotels,8am-6pm: $4 for 1st hr; $2 for sub. ½ hr,Aft 6pm: $5 per entry,Same as wkdays,$5 per entry,
Grand Copthorne Waterfront Hotel,1.2900873,103.8353025,Hotels,7am-5pm: $3.75 for 1st hr; $2.14 for sub. hr,Aft 5pm: $4.28 per entry,Same as wkdays,$4.28 per entry,
Grand Hyatt Hotel,36.1582445,-86.7850671,Hotels,4am-4.59pm: $3.21 for 1st hr; $1.07 for sub. ½ hr,Aft 5pm: $5.35 per entry,Same as wkdays,4am-3.59am: $5.35 per entry,
Grand Mercure Roxy Hotel,1.3032177,103.9047014,Hotels,Daily: $1.60 per hr,-,-,-,
Grand Pacific Hotel (Formerly Allson Hotel),48.4205556,-123.3725,Hotels,7am-5pm: $1.32 per ½ hr,Aft 5pm: $3.57 per entry,Same as wkdays,$3.57 per entry,
Grand Park City Hall Hotel,1.2923835,103.8501646,Hotels,7am-5pm: $3.28 for 1st hr; $1.55 for sub. ½ hr,Aft 5pm: $5.35 per entry,Same as wkdays,Same as wkdays,
Grand Park Orchard,1.3035171,103.836278,Hotels,8am-5pm: $3.50 for 1st hr; $1.50 for sub. ½ hr,Aft 5pm: $5 per entry,Same as wkdays,Same as wkdays,
Hilton Hotel,36.7506946,-95.9794043,Hotels,8am-6pm: $7 for 1st hr,Aft 6pm: $7 per entry,Same as wkdays,$7 per entry,
Holiday Inn Atrium,30.1785542,-82.6846343,Hotels,7am-5pm: $1.80 per hr,Aft 5pm: $3.60 per entry,Same as wkdays,$3.60 per entry,
Holiday Inn Express Singapore,1.2891213,103.8419682,Hotels,$3 per ½ hr.,$3 per ½ hr.,Same as wkdays,Same as wkdays,
Holiday Inn Singapore Orchard City Centre,1.3023125,103.8410344,Hotels,$3 for 1st hr; $1.50 for sub. ½ hr,$3 for 1st hr; $1.50 for sub. ½ hr,Same as wkdays,Same as wkdays,
Inter-continental Hotel,39.0391673,-94.5925025,Hotels,8am-5pm: $1.07 for 1st hr; $0.37 for sub. 10mins (Car park at Parco Bugis Junction),Mon-Thu: Aft 5pm: $2.50 per entry. Fri: $2.50 for 1st 2hrs; $0.25 for sub. 10 mins,$2.50 for 1st 2hrs; $0.25 for sub. 10 mins,Same as Saturday,
"klapsons, The Boutique Hotel",13.7213307,100.5101254,Hotels,6.30am to 6.30pm - first 3 hours at $3.00 and subsequent half an hour at $1.50,6.30pm to 6.30am - $ 4.00 flat,After 2pm - $4.00 flat,$4.00 flat,
Landmark Village Hotel (Formally Golden Landmark Hotel),12.354492,76.6280879,Hotels,8am-5pm: $1.90 for 1st hr; $1.07 for sub. ½ hr,Aft 5pm: $2.14 per entry,Same as wkdays,$2.14 per entry,
M Hotel,35.9656455,-115.1686989,Hotels,7am-6pm: $1.50 per ½ hr,Aft 6pm: $3 per entry,"Charges same as wkdays, but $3 per entry after 1pm",$3 per entry,
Mandarin Orchard Singapore,1.3020052,103.8359339,Hotels,7am-6pm: $3.50 for 1st hr; $1.20 for sub. ½ hr,Aft 6pm: $6 per entry,Same as wkdays,Same as wkdays,
Mandarin Oriental Hotel,40.7689873,-73.9830172,Hotels,Mon-Thu: 7am-5pm: $2.20 for 1st 2hrs; $1.10 per ½ hr for sub. ½ hr (Car Park at Marina Square),Mon-Thu: 5pm-2am: $2.20 per entry; 2am-7am: $1.10 per ½ hr,Fri/Sat-Sun/PH: 7am-2am :$2.40 for 1st 2 hrs; $1.20 per hr for sub. 2hrs; $1.40 per ½ hr for sub. ½ hr after 4 hrs of parking. 2am-7am: $1.10 per ½ hr,Same as Saturday,
Marina Bay Sands,1.2846547,103.8609937,Hotels,7am-7pm: $6 for 1st hr; $1 for sub. hr; (Capped at $26 every 24hrs),Aft 7pm: $6 per entry,Same as wkdays,Same as wkdays,
Marina Mandarin Hotel,38.8836589,-77.0303185,Hotels,Mon-Thu: 7am-5pm: $2.20 for 1st 2hrs; $1.10 per ½ hr for sub. ½ hr (Car Park at Marina Square),Mon-Thu: 5pm-2am: $2.20 per entry; 2am-7am: $1.10 per ½ hr for sub. ½ hr,Fri-Sun/PH: 7am-2am :$2.40 for 1st 2hrs; $1.20 per hr for sub. 2hrs; $1.40 per ½ hr for sub. ½ hr after 4 hrs of parking. 2am-7am: $1.10 per ½ hr for sub. ½ hr,Same as Saturday,
Novotel Clarke Quay,1.313799,103.8287648,Hotels,7am-5pm: $1.07 per hr,Aft 5pm: $3.21 per entry,7am-1pm: $1.07 per hr; Aft 1pm: $3.21 per entry,$3.21 per entry,
One Fullerton,1.2861349,103.8539595,Hotels,7am-6pm: $2.50 per ½ hr,After 6pm: $5 per entry,$5 per entry,$5 per entry,
Orchard Grand Court Hotel,43.516048,-70.3736744,Hotels,7am-5pm: $2.50 per hr,Aft 5pm: $3 per entry,Same as wkdays,$3 per entry,
Orchard Hotel Shopping Arcade,1.3074326,103.828414,Hotels,7am-6pm: $5 for 1st hr; $1.50 for sub. ½ hr,Aft 6pm: $5.50 per entry,Same as wkdays,$5 per entry,
Orchard Parade Hotel,1.3065228,103.827668,Hotels,7am-5pm: $4 for 1st hr; $1.50 for sub. ½ hr,Aft 6pm: $4 per entry,Same as wkdays,$4 per entry,
Pan Pacific Hotel,37.7885607,-122.4048059,Hotels,Mon-Thu: 7am-5pm: $2.20 for 1st 2hrs; $1.10 per ½ hr for sub. ½ hr (Car Park at Marina Square),Mon-Thu: 5pm-2am: $2.20 per entry; 2am-7am: $1.10 per ½ hr,Fri/Sat-Sun/PH: 7am-2am :$2.40 for 1st 2 hrs; $1.20 per hr for sub. 2hrs; $1.40 per ½ hr for sub. ½ hr after 4 hrs of parking. 2am-7am: $1.10 per ½ hr,Same as Saturday,
Pan Pacific Orchard,37.7885607,-122.4048059,Hotels,7am-5pm: $4 for 1st hr; $1.50 for sub. ½ hr,Aft 5pm: $4 per entry,Same as wkdays,$4 per entry,
Paramount Hotel,40.759535,-73.9870088,Hotels,8am-5pm: $0.60 per ½ hr,Aft 5pm: $2.50 per entry,Same as wkdays,$2.50 per entry,
PARKROYAL on Beach Road,1.2999813,103.8606414,Hotels,7am-5pm: Multi Storey Carpark - $2.50 for 1st hr; $1.50 for sub. ½ hr. Hotel Driveway - $6 for 1st hr; $2 for sub. ½ hr.,Aft 5pm: Multi Storey Carpark - $2.50 per entry. Hotel Driveway - $6 per entry.,Charges same as wkdays but $2.50 per entry (Multi-Storey Carpark) & $6 per entry (Hotel Driveway) after 1pm.,Multi-Storey Carpark - $2.50 per entry. Hotel Driveway - $6 per entry.,
Peninsula Excelsior Hotel,1.2921301,103.8499727,Hotels,8am-5pm: $2.60 for 1st hr; $1.50 for sub. ½ hr,Aft 5pm: $4 per entry,Same as wkdays,8am-5pm: $1.50 per hr; Aft 5pm: $4 per entry,
Raffles Hotel,43.645563,-79.3861104,Hotels,12am-6pm: $3 for 1st ½ hr; $1.50 for sub. ½ hr,6pm-12am: $6 per entry,Same as wkdays,$6 per entry,
Ramada Hotel,36.1233041,-95.8844381,Hotels,6am-6pm: $1.60 per hr,Aft 6pm: $2.20 per entry,Same as wkdays,Same as wkdays,
Regent Hotel,42.251589,-83.6801033,Hotels,7am-6pm: $5 for 1st hr; $2.50 for sub. ½ hr,Aft 6pm: $6 per entry,Same as wkdays,Same as wkdays,
Rendezvous Hotel,33.8422822,-116.5454387,Hotels,Daily: $3.20 for 1st 2hrs; $1.60 for sub. hr,-,-,-,
Royal Plaza On Scotts,1.3069695,103.8319667,Hotels,8am-6pm: $4 for 1st hr; $1.50 for sub. ½ hr,Aft 6pm: $5.50 per entry,Same as wkdays,$5.50 per entry,
Shangri-la Hotel,36.5599403,-94.8389663,Hotels,7am-5pm: $6 for 1st hr; $2 for sub. ½ hr,Aft 5pm: $8 per entry,Same as wkdays,Same as wkdays,
Sheraton Towers Hotel,40.7623861,-73.9820188,Hotels,7am-6pm: $4 for 1st hr; $2 for sub. ½ hr,Aft 6pm: $6 per entry,Same as wkdays,$6 per entry,
Singapore Marriott Hotel,1.3052151,103.8329675,Hotels,6am-6pm: $0.05 per min/$3 per hr,Aft 6pm: $0.05 per min/$3 per hr,Same as wkdays,Same as wkdays,
Swissotel Merchant Court Hotel,1.2884308,103.8458053,Hotels,Daily: $4.50 for 1st hr; $1.50 for sub. ½ hr,-,-,-,
Swissotel Stamford Hotel,1.2932771,103.8535076,Hotels,8am-5pm: $2 for 1st hr; $0.50 for sub. 15mins (Car park at Raffles City Shopping Centre),Aft 5pm: $2.50 per entry,$2 for 1st 2hrs; $0.30 for sub. 15mins,Same as Saturday,
"The Ritz Carlton, Millenia Singapore",1.2909687,103.8601209,Hotels,7am-6pm: $3.30 for 1st hr; $1.10 for sub.½ hr,Aft 6pm: $2.20 per entry,$2.20 for 1st 2hrs; $1.10 for sub. hr,Same as Saturday,
Traders Hotel,3.1539169,101.7148943,Hotels,6am-5pm: $2.40 for 1st hr; $1.20 for sub. ½ hr,Aft 5pm: $3.50 per entry,"Charges same as wkdays, but $3.50 per entry after 1pm",$3.50 per entry,
York Hotel,53.9585863,-1.0917404,Hotels,8.01am-6pm: $4 for 1st hr; $2 for sub. ½ hr,Aft 6pm: $5 per entry,Same as wkdays,$5 per entry,
313@Somerset,40.536604,-74.5228,Orchard Area,$2 for 1st hr; $1 for sub. ½ hr,Aft 6pm: $4.50 for 1st 3hrs; $1.50 for sub. ½ hr,Same as weekdays,$4.50 for 1st 3hrs; $1.50 for sub ½ hr,
Angullia Park Off-Street,1.3040958,103.8297847,Orchard Area,$1.00 /30 mins (Per Minute Charging),$0.50 /30 mins (Per Minute Charging),0700-1700 : $1.00 per 30 mins; 1700-0700: $0.50 per 30 mins (Per Minute Charging),$0.50 /30 mins (Per Minute Charging),
Atrium @ Orchard,1.2995949,103.8458175,Orchard Area,Mon-Thurs: 12am-5.59pm: $1.07 for 1st hr; $0.32 for sub. 15mins; Fri & Eve of PH: $1.07 for 1st hr; $0.32 for sub. 15mins,Mon-Thurs: 6pm-11.59pm: $2.14 per entry; Fri & Eve of PH: 6pm-2.59am (the next day): $2.14 per entry,3am-5.59pm: $2.14 for 1st 2 hrs; $0.32 for sub. 15mins; Aft 6pm: $2.14 per entry,3am-5.59pm: $2.14 for 1st 2hrs; $0.32 for sub. 15mins.  6pm-11.59pm: $2.14 per entry,
Cathay Cineleisure Orchard,1.301527,103.8363441,Orchard Area,From 7am: $2.40 for 1st hr; $1.40 for sub. ½ hr,Aft 6pm: $4.50 for 1st 3hrs; $1.60 for sub.½ hr,From 7am: $4.50 for 1st 3hrs; $1.60 for sub. ½ hr,Same as Saturday,
ComCentre (Exeter Rd),1.2988469,103.838201,Orchard Area,7am-6pm: $3 for 1st hr; $1.50 for sub. ½ hr,6pm-6.59am: $3.50 per entry,7am-12.59pm: $3 for 1st hr; $1.50 for sub. ½ hr.  1pm-10pm: $3 for 1st 2hr; $1.20 for sub. ½ hr.,7am-10pm: $3 for 1st 2 hr; $1.20 for sub. ½ hr,
Concorde Hotel,40.7600087,-73.9704053,Orchard Area,7am-6pm: $2.14 for 1st hr; $1.39 for sub. ½ hr,Aft 6pm: $3.75 per entry,Same as wkdays,$3.75 per entry,
Delfi Orchard,1.307349,103.8283279,Orchard Area,8am-5pm: $3 for 1st hr; $1.93 for sub. ½ hr,5pm-11pm: $4.07 per entry (Car park closed at 11pm daily),Same as wkdays,8am-11pm: $4.07 per entry,
Elizabeth Hotel,40.5875363,-105.073791,Orchard Area,7am-6pm: $4 for 1st hr; $2 for sub. ½ hr,Aft 6pm: $5 per entry,Same as wkdays,$5 per entry,
Far East Plaza,34.0615709,-118.2398261,Orchard Area,8am-5pm: $2.14 for 1st hr; $1.07 for sub. ½ hr.,Aft 5pm: $3.53 per entry.,Same as wkdays,$3.53 per entry.,
Far East Shopping Centre,34.0615709,-118.2398261,Orchard Area,8am-5pm: $2.57 per hr; $1.28 for sub. ½hr.,5pm-12am: $3.75 per entry; 12am-8am the following day: $3.75 per entry,Same as wkdays,8am-12am: $3.75 per entry; 12am-8am the folowing day : $3.75 per entry,
Forum The Shopping Mall,29.5718934,-98.3250159,Orchard Area,6am-5pm: $2.40 for 1st hr; $1.20 for sub. ½ hr,Aft 5pm: $3.20 per entry,"6am-5pm: $2.60 for 1st hr; $1.40 for sub. ½ hr, Aft 5pm: $3.20 per entry",$3.20 per entry,
Four Seasons Hotel,38.6337127,-90.1848297,Orchard Area,6am-5pm: $6 for 1st hr; $3 for sub. ½ hr,Aft 5pm: $6 per entry,Same as wkdays,Same as wkdays,
Goodwood Park Hotel,1.3084774,103.834405,Orchard Area,8am-6pm: $4 for 1st hr; $2 for sub. ½ hr,Aft 6pm: $5 per entry,Same as wkdays,$5 per entry,
Grand Hyatt Singapore,40.7520617,-73.9762995,Orchard Area,4am-4.59pm: $3.21 for 1st hr; $1.07 for sub. ½ hr,Aft 5pm: $5.35 per entry,Same as wkdays,4am-3.59am: $5.35 per entry,
Grand Park Orchard,1.3035171,103.836278,Orchard Area,8am-5pm: $3.50 for 1st hr; $1.50 for sub. ½ hr,Aft 5pm: $5 per entry,Same as wkdays,Same as wkdays,
Grange Road Off-Street,1.2996958,103.8307261,Orchard Area,$1.00 /30 Mins (Per Minute Charging),$0.50 /30 mins (Per Minute Charging),0700-1700: $1.00 / per 30 mins. 1700-0700: $0.50 / per 30 mins (Per Minute Charging),$0.50 / 30 Mins. (Per Minute Charging),
Hilton Hotel,36.7506946,-95.9794043,Orchard Area,$7 per hr.,Aft 6pm: $7 per entry,Same as wkdays,Same as wkdays,
Holiday Inn Express Singapore,1.2891213,103.8419682,Orchard Area,$3 per ½ hr.,$3 per ½ hr.,Same as wkdays,Same as wkdays,
Holiday Inn Singapore Orchard City Centre,1.3023125,103.8410344,Orchard Area,$3 for 1st hr; $1.50 for sub. ½ hr,$3 for 1st hr; $1.50 for sub. ½ hr,Same as wkdays,Same as wkdays,
International Building,42.373579,-83.409916,Orchard Area,Carpark not in use,Carpark not in use,Carpark not in use,Carpark not in use,
ION Orchard,1.3039288,103.8319512,Orchard Area,Mon-Thu: 8am-4.59pm: $2.67 for 1st hr; $0.64 for sub. 15 mins,Mon-Thu: 5pm-11.59pm: $3 per entry. 12am-7.59am $1.07 per hr,Fri/Sat-Sun/PH: 8am-4.59pm: $2.56 for 1st hr; $0.94 for sub. 15 mins. 5-11.59pm: $3.74 per entry. 12am-7.59am $1.07 per hour,Same as Saturday,
Liat Towers,1.3051925,103.8305905,Orchard Area,7am-6pm: $2.50 for 1st hr; $1.30 for sub. ½ hr,6pm-12am: $3.50 per entry,Same as wkdays,Same as wkdays,
Lucky Plaza,34.0804932,-118.0827815,Orchard Area,7am-4.59pm: $1.93 for 1st hr; $1.28 for sub. ½ hr,Aft 5pm: $3.38 per entry,Same as wkdays,Sun: 7am-9.59pm: $1.93 for 1st hr; $1.28 for sub. ½ hr; 10pm-6.59am: $3.38 per entry. PH: $4 per entry (Does not applies if PH falls on Sun),
Mandarin Gallery,47.1771962,-122.5171585,Orchard Area,6am-6pm: $3.50 for 1st hr; $0.05 per min,6pm-6am: $3.50 for 1st hr; $0.03 per min,Same as wkdays,Same as wkdays,
Meritus Mandarin Singapore,1.3020763,103.8362083,Orchard Area,6am-6pm: $3.50 for 1st hr; $1.30 for sub. ½ hr,Aft 6pm: $6 per entry,Same as wkdays,Same as wkdays,
Ngee Ann City,1.3025572,103.834568,Orchard Area,"12.01am-12pm, 2.01pm-5pm: $1.28 for ½ hr , 12.01pm-2pm: $1.82 for ½ hr",5.01pm-7pm:$1.82 for ½ hr; Aft 7pm: $4.28 per entry,"12.01am-12pm, 2.01pm-5pm: $2.57 for 1st hr; $1.61 for sub. ½ hr, 12.01pm-2pm, 5.01pm-7pm: $3.64 for 1st hr; $2.14 for sub. ½ hr, Aft 7pm: $4.28 per entry",Same as Saturday,
OG Orchard Point,1.3014018,103.8403263,Orchard Area,7am-10.59pm:$2 for 1st hr or part thereof; $1.50 per sub. ½ hr or part thereof.,11pm-6.59am: $2 per ½ hr or part thereof.,Same as wkdays,Same as wkdays,
Orchard Building,43.6348195,-84.2587936,Orchard Area,7am-5pm: $2.20 for 1st hr; $1.20 for sub. ½ hr (Car park closed at 1am daily ),5pm-1am: $3.60 per entry,Same as wkdays,7am-5pm: $3.60 for 1st 3hrs; $1.20 for sub. ½ hr; 5pm-1am: $3.60 per entry,
Orchard Central,41.8795631,-93.4840653,Orchard Area,2am-6pm: $2 for 1st hr; $1 for sub. ½ hr,6pm-2am: $4.50 for 1st 3hrs; $1.50 for sub. ½ hr,Same as wkdays,2am-2am: $4.50 for 1st 3hrs; $1.50 for sub. ½ hr,
Orchard Hotel Shopping Arcade,1.3074326,103.828414,Orchard Area,7am-6pm: $5 for 1st hr; $1.50 for sub. ½ hr,Aft 6pm: $5.50 per entry,Same as wkdays,$5 per entry,
Orchard Parade Hotel,1.3065228,103.827668,Orchard Area,$4 for 1st hr; $1.50 for sub. ½ hr,$4 for 1st hr; $1.50 for sub. ½ hr,Same as wkdays,Same as wkdays,
Orchard Plaza,43.5942158,-116.2438674,Orchard Area,7am-5pm: $1.39 for ½ hr,Aft 5pm: $3.85 per entry for 1st 3 hrs; $1.39 for sub. ½ hr,Same as wkdays,Same as wkdays,
Orchard Towers,42.0640763,-87.7575741,Orchard Area,7am-5.59pm: $5 per hr,6pm-1.59am: $9 per entry. After 2am: $9 per entry,Same as wkdays,7am-1.59pm: $9 per entry. 2am-6.59pm: $9 per entry,
orchardgateway,1.300459,103.8393516,Orchard Area,12am-5.59pm: $3 for 1st 1½ hrs or part thereof; $1.50 for sub. ½ hr or part thereof.,6pm-11.59pm: $4.80 1st 2½ hrs or part thereof; $1.80 for sub. ½ hr or part thereof.,$4.80 1st 2½ hrs or part thereof; $1.80 for sub. ½ hr or part thereof.,Same as Saturday,
Pacific Plaza,34.0275491,-117.5947529,Orchard Area,8am-6pm: $1.50 per ½ hr,Aft 6pm: $3 for 1st 2hrs; $1 for sub. ½ hr,Same as wkdays,Same as wkdays,
Palais Renaissance,1.3067391,103.829583,Orchard Area,7am-5pm: $2.80 for 1st hr; $1.60 for sub. ½ hr,5pm-1am: $3.80 per entry; Aft 1am: $1.50 per hr,Same as wkdays,7am-1am: $3.80 per 4-hourly; 1am-7am: $1.50 per hr,
Pan Pacific Orchard,37.7885607,-122.4048059,Orchard Area,7am-5pm: $5 for 1st hr; $1.50 for sub. ½ hr,Aft 5pm: $5 per entry,Same as wkdays,$5 per entry,
Paragon Shopping Centre,44.8154008,-93.2137512,Orchard Area,3am-5.59pm: $2.58 for 1st hr; $1.48 for sub. ½ hr. Daily $2 surcharge from 9am-9pm.  Additional Peak Hr Surcharge of $1.28 from 12pm to 2:30pm daily.,Aft 6pm: $3.48 per entry. Daily $2 surcharge from 9am-9pm.,Same as wkdays,3am-5.59pm: $3.48 for 1st 2hrs; $0.05 for sub. mins. Aft 6pm: $3.48 per entry. Daily $2 surcharge from 9am-9pm.  Additional Peak Hr Surcharge of $1.28 from 12pm to 2:30pm daily.,
Penang Road Off-Street,1.2988932,103.8436672,Orchard Area,$1.00 / 30 mins (Per Minute Charging),$0.50 / 30 mins (Per Minute Charging),0700-1700 : $1.00 / per 30 mins. 1700-0700: $0.50 / per 30 mins (Per Minute Charging),$0.50 / 30 mins (Per Minute Charging),
Plaza Singapura,1.3005317,103.8452356,Orchard Area,Mon-Thu:$1.07 for 1st hr; $0.32 for sub. 15mins.  Fri & Eve of PH: $2.14 for 1st 2 hr; $0.32 for sub. 15mins.,Mon-Thu: 6pm-11.59pm: $2.14 per entry; Fri & Eve of PH: 6pm-2.59am: $2.14 per entry,3am-5.59pm: $2.14 for 1st 2hrs; $0.32 for sub. 15mins; Aft 6pm: $2.14 per entry,3am-5.59pm: $2.14 for 1st 2hrs; $0.32 for sub. 15mins. 6pm-11.59pm: $2.14 per entry,
Regent Hotel,42.251589,-83.6801033,Orchard Area,7am-6pm: $5 for 1st hr; $2.50 for sub. ½ hr,Aft 6pm: $6 per entry,Same as wkdays,Same as wkdays,
Royal Plaza On Scotts,1.3069695,103.8319667,Orchard Area,8am-6pm: $4 for 1st hr; $1.50 for sub. ½ hr,Aft 6pm: $5.50 per entry,Same as wkdays,$5.50 per entry,
Scape,29.9428455,-90.0663011,Orchard Area,7am-4.59pm: $1.95 per hr,5pm-6.59am: $4.90 for 1st 3hrs; $1.95 for sub. hr,All day: $1.95 per hr or part thereof.,"7am-4.59pm: $1.95 per hr, 5pm-6.59am: $4.90 for 1st 3hrs; $1.95 for sub. hr.",
Shangri-la Hotel,36.5599403,-94.8389663,Orchard Area,7am-5pm: $6 for 1st hr; $2 for sub. ½ hr,Aft 5pm: $8 per entry,Same as wkdays,Same as wkdays,
Shaw Centre,45.424197,-75.691773,Orchard Area,3.01am-6pm: $2 for 1st hr; $1.50 for sub. ½ hr,6.01pm-3.01am: $4 per entry,Same as wkdays,Same as wkdays,
Shaw House,43.493076,-70.476146,Orchard Area,3.01am-6pm: $2 for 1st hr; $1.50 for sub. ½ hr,6.01pm-3.01am: $4 per entry,Same as wkdays,Same as wkdays,
Sheraton Towers Singapore,1.3118244,103.8364761,Orchard Area,7am-6pm: $4 for 1st hr; $2 for sub. ½ hr,Aft 6pm: $6 per entry,Same as wkdays,$6 per entry,
Singapore Marriott Hotel,1.3052151,103.8329675,Orchard Area,6am-6pm: $0.05 per min/$3 per hr,Aft 6pm: $0.05 per min,Same as wkdays,Same as wkdays,
Singapore Shopping Centre,1.2980833,103.8440979,Orchard Area,8am-8pm: $2.50 for 1st hr; $1.25 for sub. ½ hr,Aft 8pm: $3 per entry,Same as wkdays,Same as wkdays,
Starhub Centre,1.3000095,103.8446631,Orchard Area,7am-6pm: $2 for 1st hr; $1.50 for sub. ½ hr,"6pm-7am the following day:$2.00 for 1st hr, $1.50 for next subq 1/2hr",Same as wkdays,Same as wkdays,
Tanglin Mall,1.3049155,103.8234629,Orchard Area,6am-5pm: $2.40 for 1st hr; $1.20 for sub. ½ hr,Aft 5pm: $3.50 per entry,"Charges same as wkdays, but $3.50 per entry after 1pm",$3.50 per entry,
Tanglin Shopping Centre,1.3063651,103.8266182,Orchard Area,8am-5.59pm: $3 for 1st hr; $1.75 for sub. ½ hr,Aft 6pm: $3.60 per entry,Same as wkdays,$3.60 per entry,
Tangs,36.193221,-94.168351,Orchard Area,"6am-6pm: $3 for 1st hr, $0.05/min",6pm-6am the following day: $6 Per entry,Same as wkdays,Same as wkdays,
The Cathay,1.2995083,103.8477778,Orchard Area,8am-9:59am: $1.40 for ½ hr; 10am-9:59pm: $1.40 per hr,Aft 10pm: $3 per entry,8am-9:59pm: $1.40 per hr; Aft 10pm: $3 per entry,Same as Saturday,
The Centrepoint,32.3384339,-111.0366797,Orchard Area,7am-5pm: $2 for 1st hr; $1.50 sub. ½ hr,Aft 5pm: $2 for 1st hr; $1.50 sub. hr,Same as wkdays,$2 for 1st hr; $1.50 for sub. hr,
The Heeren,1.302719,103.8374255,Orchard Area,8am-11pm: $1.50 per ½ hr,8am-11pm: $1.50 per ½ hr,8am-11pm: $5 for 1st 3 hrs and $1.50 for subseqent ½ hr,Same as Saturday,
Traders Hotel,3.1539169,101.7148943,Orchard Area,6am-5pm: $2.40 for 1st hr; $1.20 for sub. ½ hr,Aft 5pm: $3.50 per entry,"Charges same as wkdays, but $3.50 per entry after 1pm",$3.50 per entry,
TripleOne Somerset,1.3001685,103.8372952,Orchard Area,7am-5.59pm: $1.50 per ½ hr (charges are before GST),6pm-11.59am: $1.80 per hr; 12am-6.59am:$0.50 sub 15 mins.,7am-5.59pm: $2 for 1st hr; $0.50 sub 15 mins. 6pm-11.59am: $1.80 per hr; 12am-6.59am:$0.50 sub 15 mins.,7am-11.59pm: $1.80 per hr; 12am-6.59am:$0.50 sub 15 mins.,
Wheelock Place,1.3047145,103.8305375,Orchard Area,8am-6pm: $3 for 1st hr; $1.50 for sub. ½ hr,Aft 6pm: $4.50 per entry,Same as wkdays,Same as wkdays,
Winsland House,1.299578,103.8406405,Orchard Area,7am-7pm: $2.50 for 1st hr; $1.20 for sub. ½ hr,7pm-11pm: $3.50 per entry. Aft 11pm: $3.50 per entry,Same as wkdays,7am-11pm: $4.50 per entry. Aft 11pm: $3.50 per entry,
Wisma Atria,1.3037148,103.8332642,Orchard Area,7am-5pm: $2.40 for 1st hr; $1.20 for sub. ½ hr (Lunch Hr Surcharge of additional $1.07 between 12pm - 2pm),Aft 5pm: $3.50 per entry,$3.60 for 1st 2hrs; $0.80 for sub. ½ hr,Same as Saturday,
York Hotel,53.9585863,-1.0917404,Orchard Area,8.01am-6pm: $4 for 1st hr; $2 for sub. ½ hr,Aft 6pm: $5 per entry,Same as wkdays,$5 per entry,
Changi Chapel and Museum (The Changi Museum),1.362212,103.974025,Singapore Attractions,Free daily,-,-,-,
Chinatown Heritage Centre,1.2834607,103.844404,Singapore Attractions,"Parking is available at the public car park adjacent to the Buddha Tooth Relic Temple, URA centre and People's Park Centre.",-,-,-,
Chinese Garden,36.1184422,-95.8673291,Singapore Attractions,6am-6pm: Free 1st hr; $0.50 for sub. ½ hr,Aft 6pm: $0.50 per ½ hr,Same as wkdays,Same as wkdays,
Haw Par Villa,1.2842878,103.7824933,Singapore Attractions,Daily(9am-7pm): $5 per entry (Car park closed after 7pm),-,-,-,
Hay Dairies Goat Farm,1.4324819,103.7092698,Singapore Attractions,Free daily: 9am-4pm,-,-,-,
Jurong Bird Park,1.3187065,103.7064417,Singapore Attractions,Daily(8am-5pm): $2 per entry,-,-,-,
Labrador Secret Tunnel ( Labrador Park ),1.2659151,103.8032993,Singapore Attractions,Free daily,-,-,-,
Mandai Orchid Garden,1.4071116,103.7845357,Singapore Attractions,Free daily,-,-,-,
Memories at Old Ford Factory,1.352549,103.769295,Singapore Attractions,Daily free parking at Carparks C and D,-,-,-,
Mount Faber (Jewel Box),1.2712211,103.819556,Singapore Attractions,Limited public parking spaces availiable. Valet parking at The Jewel Box is available at $5 per car,-,-,-,
National Museum of Singapore,1.296613,103.8485091,Singapore Attractions,"Limited parking facility is available at the National Museum. Other parking facilities are available at YMCA, Singapore Management University and Fort Canning Park",-,-,-,
Reflections at Bukit Chandu,1.2797412,103.7942047,Singapore Attractions,Daily free parking at Carparks C and D of Pepys Road,-,-,-,
Resorts World Sentosa - Universal Studios Singapore (RWS B1 car park),1.255179,103.8218107,Singapore Attractions,Mon-Thu: 7am-7pm: $7 for 1st hr; $1 for sub. ½ hr or part thereof. (Max: $28 per 24 hrs),Aft 7pm: $6 per entry,Fri/Sat-Sun/PH: 7am-7pm: $8 for 1st hr; $2 for sub. ½ hr or part thereof.  Aft 7pm: $8 per entry (Max: $28 per 24 hrs),Same as Saturday,
Royal Selangor Pewter Museum ( Park at Clarke Quay),1.2831904,103.8593357,Singapore Attractions,$2.20 for 1st hr; $1.10 for sub. ½ hr (Car park at Clarke Quay),Aft 5pm: $2.50 per entry,Same as wkdays,$2.50 per entry,
Sentosa (Beach and Imbiah car park),1.2534888,103.8173595,Singapore Attractions,"7am-5pm: Island Entry: $6 per car*; Parking - $3 for 1st 4hrs; $1 for sub. hr. Except 12pm-2pm: Island Entry $2 per car*, free parking. *Rates covers all passengers in car",5.01pm-6.59am: Island entry: $2 per car*; parking - $1 per entry,7am-5pm: Island entry: $7 per car*; Parking - $5 for 1st 4 hrs; $2 for sub. hr; 5.01pm-6.59am: $3 per car*; parking - $2 per entry,Same as Saturday,
Sentosa (Tanjong & Palawan car park),1.2461653,103.8254333,Singapore Attractions,"7am-5pm: Island Entry: $6 per car*; Parking - $3 for 1st 8hrs; $1 for sub. hr. Except 12pm-2pm: Island Entry $2 per car*, free parking. *Rates covers all passengers in car",5.01pm-6.59am: Island entry: $2 per car*; parking - $1 per entry,7am-5pm: Island entry: $7 per car*; Parking - $3 for 1st 8hrs; $1 for sub. hr; 5.01pm-6.59am: $3 per car*; parking - $1 per entry,Same as Saturday,
Singapore Art Museum,1.2973507,103.8507467,Singapore Attractions,"Parking at SAM reserved for cars with NHB parking labels.  Nearest Carparks available at Waterloo Street, Queen Street, NTUC Income Centre, Plaza by the Park and Singapore Management University.",-,-,-,
Singapore Botanic Gardens,1.3138397,103.8159136,Singapore Attractions,7am-10.30pm: $0.02 per min (8am-9am: $1 peak hr charge for all passing vehicles that enter from Kheam Hock Road and exit at Evans/Cluny Road) - Closed from 12am-5am daily,7pm-10.30pm: $2 per maximum cap,Same as wkdays,Same as wkdays,
Singapore City Gallery (URA centre),1.2792629,103.8453731,Singapore Attractions,6am-10pm: $1.10 per ½ hr (per min charging) Public parking is also available at the Erskine Road Off-Street Carpark next to Maxwell Road Food Centre.,10pm-6am: $3 per entry,Same as wkdays,6am-10pm: $0.55 per ½ hr (per min charging); Aft 10pm: $3 per entry,
Singapore Flyer,1.2892988,103.8631368,Singapore Attractions,6am-6pm: $2 per hr or part thereof. Free Lunchtime Parking from 12pm to 2pm (only valid for vehicles entering the multi-storey carpark after 12pm).,6pm-6am:$2 per entry.,6am-12midnight: $2 per hr or part thereof. 12midnight- 6am: $2 per entry.,Same as Saturday,
Singapore Mint Coin Gallery,1.3254139,103.7395299,Singapore Attractions,Wkdays free: 8.30am-4.30pm,-,-,-,
Singapore Philatelic Museum,1.2928284,103.8486632,Singapore Attractions,URA coupon parking. Nearest car park at Armenian Street between Bible House and Peranakan Museum,-,-,-,
Singapore Science centre/Singapore Discovery Centre / Snow City,1.3331687,103.7356443,Singapore Attractions,Daily: $0.50 per ½ hour,-,-,-,
Singapore Turf Club (STC),1.4219327,103.7622666,Singapore Attractions,Daily: $5 per entry,-,-,-,
Singapore Zoological gardens/Night Safari,1.4021872,103.7880606,Singapore Attractions,Daily: $3 for 1st hr; $2 sub. hr or part thereof. 4th hour onwards: $8.00 flat rate (maximum),-,-,-,
Sungei Buloh Wetland Reserve,1.4479987,103.7245442,Singapore Attractions,Daily free: 7am-7pm,-,-,-,
The Arts House (Park at New Parliament House),42.3473999,-71.0956987,Singapore Attractions,"Available at current Parliament House, The Adelphi and the road side along Empress Place",-,-,-,
The Battle Box ( Park at Fort Canning,1.2961611,103.8461761,Singapore Attractions,URA coupon parking,-,-,-,
Underwater World Singapore,1.2585005,103.8113896,Singapore Attractions,Mon-Thu: 7am-11.59pm: $7.50 for 1st 3 hrs; $5 per hr or part thereof,Mon-Thu: 12am-06.59am: $20 per entry,Fri-Sun incl. PH & Sch Holidays:7am-11.59pm: $9 for 1st 3 hrs; $5 per hr or part thereof. 12am-06.59am: $20 per entry,Fri-Sun incl. PH & Sch Holidays:7am-11.59pm: $9 for 1st 3 hrs; $5 per hr or part thereof. 12am-06.59am: $20 per entry,
10 Raeburn Park,1.2738981,103.8332332,South & CBD,$1.07 per hr,"1700-2300:- $2.14 per entry, 2300-0800: $1.07 per hr","0800-1700: $1.07 per hr, 1700-2300: $2.14 per entry, 2300-0800: $1.07 per hr",$1.07 per hr,
1557 Keppel Road,1.2727684,103.8406504,South & CBD,"0700-1900:$1.29 for 1st hr, $0.43 /15 mins thereafter",1900-0700: $2.14 /Entry,"0700-1300:-$1.29 for 1st hr, $0.43 per 15 mins thereafter; 1300-0700: $2.14 /Entry",$2.14 / Entry,
34 Boon Leat Terrace,1.276338,103.7971787,South & CBD,$0.80 / 30 mins,1800-2200: $2.50 per entry. 2200-0700: $4.00 per entry,0700-1300: $0.80 /30 mins. 1300-0700: $4.00 /entry,$4.00 / entry,
798 Upper Bukit Timah Road,1.3735059,103.763909,South & CBD,0000-0700: $2.14 /30 mins. 0700-0000: $1.07 /30 mins.,-,-,-,
8 Shenton Way,,,South & CBD,7am-6pm: $2.30 per ½ hr,Aft 6pm: $2.80 per entry,Charges same as wkdays but $2.80 per entry after 1pm,$2.80 per entry,
Amara Hotel,34.8696044,-111.7585063,South & CBD,8am-4.59pm: $2 per ½ hr,5pm-7.59am (the following day) : $3 per entry,Same as wkdays,$3 per entry,
Asia Square,32.7101833,-97.0457667,South & CBD,7am-5.59pm: $0.08 per min,6pm onwards: $3 per entry,7am-6.59am (next day): $3 per entry,Same as Saturday,
Bangkok Bank Building,40.7060166,-74.0133256,South & CBD,7am-7pm: $2 for 1st ½ hr; $4 for sub. hr,7am-7pm: $2 for 1st ½ hr; $4 for sub. hr,Charges same as wkdays but Closed at 3pm,Closed,
Bayfront Avenue,27.3009708,-80.3231121,South & CBD,7am-6pm: $3 per hr,Aft 6pm: $1.20 per hr,7am-1pm: $3 per hr. Aft 1pm: $1.20 per hr,$1.20 per hr,
Berjaya Hotel,51.5120278,-0.1866111,South & CBD,8.30am-5pm: $1 per ½ hr,5pm-10pm: $1 per hr; Aft 10pm: Free,Same as wkdays,8.30am-10pm: $1 per hr. Aft 10pm: Free,
Bugis Junction,1.2988889,103.8555556,South & CBD,8am-5pm: $1.07 for 1st hr; $0.37 for sub. 10mins,Mon-Thu: Aft 5pm: $2.50 per entry. Fri: $2.50 for 1st 2hrs; $0.37 for sub. 10 mins,$2.50 for 1st 2hrs; $0.37 for sub. 10 mins,Same as Saturday,
Burlington Square,41.2098451,-95.9675376,South & CBD,7am-5pm: $0.04 per min,Aft 5pm: $2.20 per entry,$0.06 per min,Same as Saturday,
CapitaCommercial Trust (CCT),1.2819389,103.8511317,South & CBD,$2.05 per ½ hr,Aft 5pm: $3.10 per ½,Charges same as wkdays but $3.10 per ½ hr after 1pm,$3.10 per ½ hr,
Capital Square,41.5867999,-93.622792,South & CBD,8am-6pm: $2.20 for ½ hr or part thereof.,6pm-8am: $3.20 per entry,Charges same as wkdays but $3.20 per entry after 1pm,$3.20 per entry,
Capital Tower,40.9083399,-96.5405835,South & CBD,7am-6pm: $2.80 per ½ hr,Aft 6pm: $3.20 per entry,Charges same as wkdays but $3.20 per entry after 1pm,$3.20 per entry,
Carlton Hotel,35.4894281,-120.6701662,South & CBD,7am-6pm: $3 for 1st hr; $1.50 for for sub. ½ hr,Aft 6pm: $6 per entry,Same as wkdays,Same as wkdays,
Central Mall,38.8008756,-97.6101334,South & CBD,6am-5pm: $2.00 for 1st hr; $1.00 for sub. ½ hr,Aft 5pm: $3.00 per entry,Same as wkdays,$3.00 per entry,
Central ©,38.1937021,-95.738251,South & CBD,6am-5pm: $2.20 for 1st hr; $1.10 for sub. ½ hr or part thereof,Aft 5pm: $3.50 per entry,Same as wkdays,$3.50 per entry,
Chijmes,1.2951699,103.8521957,South & CBD,8am-5.59am :$2.20 for 1st hr; $0.55 for sub. 15 mins.,"6pm-5.59am: (Valet Parking Only) Valet Charge $4 per entry, Carpark charges: $4 per hr.",Same as wkdays,Same as wkdays,
China Square Central,1.283775,103.8474967,South & CBD,8am-6pm: $1.80 per ½ hr or part thereof.,Aft 6pm: $3 per entry.  (12 midnight-6am: Closed),$3 per entry. (12 midnight-6am: Closed),Same as Saturday,
Chinatown Point,1.2852093,103.8447228,South & CBD,7am-5pm: $1.20 per ½ hr,Aft 5pm: $2.50 per entry,Same as wkdays,$2.50 per entry,
Clarke Quay,1.2906024,103.8464742,South & CBD,7am-11.59am; 3pm-4.59pm: $2.14 for 1st 2hrs; $1.07 for sub. hr (Free parking between 12pm-2.59pm),Aft 5pm: $2.14 for 1st hr; $1.07 for sub. hr (Cap at $5.35),7am-4.59pm: $2.14 for 1st 2hrs; $1.07 for sub. hr; Aft 5pm: $2.14 for 1st hr; $1.07 for sub. hr (Cap at $5.35),$2.68 per entry,
Clifford Centre,1.2838533,103.8519697,South & CBD,6am-5pm: $5 per hr  (Car park closed at 11pm daily from Mon-Sat),5pm-11pm: $3 per entry,Same as wkdays,Same as wkdays,
Conrad Centennial Singapore,1.2932404,103.8587623,South & CBD,7am-6pm: $3.30 for 1st hr; $1.10 for sub.½ hr,Aft 6pm: $2.20 per entry,$2.20 for 1st 2hrs; $1.10 for sub. hr,Same as Saturday,
Copthorne King's Hotel,1.2882607,103.8366064,South & CBD,7am-12am: $3 for 1st hr; $1.50 for sub ½ hr,Aft 12am: $4 for 1st hr; $2 for sub ½ hr,Same as wkdays,Same as wkdays,
Copthorne Orchid Hotel,5.4671564,100.2923097,South & CBD,"8am-5pm: $1.50 for 1st hr; $1 for sub. hr, per day $20)",Aft 5pm: $3 per entry,Same as wkdays,Same as wkdays,
CPF Building Robinson Road,1.2801214,103.845642,South & CBD,6am-5pm: $1.50 per ½ hr,Closed at 5pm. Cars remaining from 5pm onward will be charged an additional flat rate of $5,6am-1pm : $1.50 per ½ hr. Closed at 1:00pm. Cars remaining from 1:00pm onward will be charged an additional flat rate of $5,Closed,
DBS Building,43.7145723,-79.5718556,South & CBD,6am-7pm: $2.57 per ½ hr,Aft 7pm: $2.57 per entry,6am-1pm: $2.57 per ½ hr; aft 1pm: $2.57 per entry,$2.57 per entry,
Far East Square,1.2831684,103.8480136,South & CBD,6am-4.59pm: $2.14 per ½ hr,Aft 5pm: $3.21 per entry,$3.21 per entry,$3.21 per entry,
Far Eastern Bank Building,1.2799816,103.8482487,South & CBD,7am-6pm: $2.30 per ½ hr,Aft 6.30pm: $3.20 per entry,Charges same as wkdays but $3.20 per entry after 1pm,Closed,
Fortune Centre,1.300463,103.8518629,South & CBD,7am-7pm: $3.22 per hr,Aft 7pm: $3.21 per entry,Same as wkdays,Same as wkdays,
Fu Lu Shou Complex,1.3016228,103.8544321,South & CBD,8am-5pm: $2.40 per hr,Aft 5pm: $2.20 per entry (Car park closed at 12.30am daily),Same as wkdays,Same as wkdays,
Fullerton Hotel,41.9243178,-87.7250944,South & CBD,7am-6pm: $2.20 per ½ hr,After 6pm: $5 per entry,$5 per entry,$5 per entry,
Funan DigitaLife Mall,1.2912647,103.8501932,South & CBD,12am-5.59pm: $2.14 for 1st hr; $0.54 for sub. 15mins,6pm-9.59pm: $2.14 per entry,Same as wkdays,Same as wkdays,
Furama City Centre Singapore,1.2864727,103.8446054,South & CBD,5am-5pm: $1.40 for 1st ½ hr; $1.50 for sub. ½ hr,Aft 5pm: $3 per entry,Same as wkdays,$3 per entry,
Furama Riverfront Singapore,1.2877389,103.8359953,South & CBD,7am-5pm: $1 per ½ hr,Aft 5pm: $6 per entry,Same as wkdays,Same as wkdays,
Gallery Hotel,41.104538,-72.3601113,South & CBD,"12pm-2pm: $3 for 1st hr; $1 for sub. ½ hr; $2 for 1st hr, $0.50 for sub. ½ hr from 2.01pm to 6.00pm for Mon-Thu",6pm-11.59pm: $3 for 1st hr; $1 for sub. ½ hr; $2 for 1st hr; $0.50 for sub. ½ hr  from 12am-11.59am for Mon-Thu,"6am-11.59pm: $3 for 1st hr; $0.50 for sub. ½ hr, $3 for 1st hr; $0.50 for sub. ½ hr from 12am-1.59am for Fri-Sun/PH",$2 for 1st hr; $0.50 for sub. ½ hr from 2.01am-6am for Fri-Sun/PH,
Gillman Barracks,1.2783333,103.8044444,South & CBD,$0.50 / 30 mins,From 1700: $2.00 / entry,0700-1800 - Free Parking; 1800-0700: $2/entry.,Free Parking,
Golden Mile Complex,1.3026966,103.8651169,South & CBD,7am-6pm: $2 for 1st hr; $1 for sub. ½ hr,Aft 6pm: $2.20 per entry,Same as wkdays,$2.20 per entry,
Golden Shoe Complex,40.7353397,-74.1683558,South & CBD,7am-5pm: $2.60 per ½ hr,Aft 5pm: $3.30 per entry,Charges same as wkdays but $3.30 per entry after 1pm,$3.3 per entry,
Grand Copthorne Waterfront Hotel,1.2900873,103.8353025,South & CBD,7am-5pm: $3.75 for 1st hr; $2.14 for sub. hr,Aft 5pm: $4.28 per entry,Same as wkdays,$4.28 per entry,
Grand Pacific Hotel (Formerly Allson Hotel),48.4205556,-123.3725,South & CBD,7am-5pm: $1.32 per ½ hr,Aft 5pm: $3.57 per entry,Same as wkdays,$3.57 per entry,
Grand Park City Hall,1.2923835,103.8501646,South & CBD,7am-5pm: $3.28 for 1st hr; $1.55 for sub. ½ hr,Aft 5pm: $5.35 per entry,Same as wkdays,Same as wkdays,
Great Eastern Centre,41.6154865,-83.4890087,South & CBD,8am-6pm: $1.80 per ½ hr (Car park at China square central; B2 closed from 12am-6am daily),6pm-12am: $3 per entry,8am-12am: $3 per entry,Same as Saturday,
Great World City,1.2936417,103.8319293,South & CBD,6.01am-5pm: $1.55 per hr,Aft 5pm: $3.30 per entry,$1.65 per hr (Max. of $6.00 per entry),Same as Saturday,
Harbourfront Centre,43.6378402,-79.3934651,South & CBD,7am-6pm: $1.20 for 1st hr; $0.60 for sub. ½ hr,6pm-1am: $2.40 per entry; Aft 1am: $2.04 per hr,Same as wkdays,Same as wkdays,
Holiday Inn Atrium Singapore,1.2890076,103.8342013,South & CBD,7am-5pm: $1.80 per hr,Aft 5pm: $3.80 per entry,Same as wkdays,$3.80 per entry,
Hong Leong Building,1.2814095,103.8510185,South & CBD,7am-5pm: $2.50 per ½ hr,5pm-11pm: $3.10 per entry. Aft 11pm: Overnight Charge of $12,7am-1pm: $2.50 per ½ hr; 1pm-11pm: $3.10 per entry. Aft 11pm: Overnight Charge of $12,7am-11pm: $3.10 per entry. Aft 11pm: Overnight Charge of $12,
Hub Synergy Point (Formerly Apex tower),1.2739784,103.8448956,South & CBD,7am-6pm: $1 per ½ hr,6pm-12am: $1 per hr,7am-2pm: $1 per ½ hr; 2pm-12am: $1 per hr,7am-12am: $1 per hr,
Icon Village,1.2749072,103.84443,South & CBD,7am-5pm: $1.50 per ½ hr,Aft 5pm: $3 per entry,7am-1pm: $3 per hr; Aft 1pm: $3 per entry,$3 per entry,
Iluma,30.2894506,-81.6027484,South & CBD,8am-5pm: $1.07 for 1st hr; $0.37 for sub. 10 mins,Mon-Thu: Aft 5pm: $2.50 per entry; Fri: $2.50 for 1st 2hrs; $0.25 for sub. 10 mins,$2.50 for 1st 2hrs; $0.25 for sub. 10 mins,Same as Saturday,
Income At Raffles ( former Hitachi tower),1.2842345,103.8524453,South & CBD,7.30am-5.59pm: $2.75 per ½ hr,6pm to 7.29am : $3.30 per entry,7.30am-12.59pm: $2.75 per ½ hr. 1.00pm-7.29am: $3.30 per entry,7.30am-7.29am: $3.30 per entry.,
Inter-continental Singapore Hotel,1.2983644,103.8549173,South & CBD,8am-5pm: $1.07 for 1st hr; $0.37 for sub. 10mins,Mon-Thu: Aft 5pm: $2.50 per entry. Fri: $2.50 for 1st 2hrs; $0.25 for sub. 10 mins,$2.50 for 1st 2hrs; $0.25 for sub. 10 mins,Same as Saturday,
International Plaza,27.9646718,-82.5206425,South & CBD,7am-5pm: $2.20 per ½ hr,Aft 5pm: $3 per entry,"Charges same as wkdays, but $3 per entry after 3pm",$3 per entry,
Keck Seng Tower,1.2802201,103.8488418,South & CBD,8am-6pm: $2.50 per ½ hr,6pm-10pm: $2.50 per entry,8am-2pm: $2.50 per ½ hr; 2pm-10pm: $2.50 per entry,Closed,
Keppel Bay Tower / Harbourfront Tower One,1.2651591,103.8181679,South & CBD,7am-7pm: $1.05 per ½ hr,7pm-1am: $3.10 per entry; Aft 1am: $3.10 per hr,7am-1pm: $1.05 per ½ hr; 1pm-6pm: $1.20 for 1st hr; $0.60 for sub. ½ hr; 6pm-1am: $2.40 per entry; Aft 1am: $3.10 per hr,7am-6pm: $1.20 for 1st hr; $0.60 for sub. ½ hr; 6pm-1am: $2.40 per entry; Aft 1am: $3.10 per hr,
Keypoint,36.1505471,-94.145505,South & CBD,$1.10 for ½ hr,$2 per entry (close at midnight),Same as wkdays,$2 per entry,
"klapsons, The Boutique Hotel",13.7213307,100.5101254,South & CBD,6.30am to 6.30pm - first 3 hours at $3.00 and subsequent half an hour at $1.50,6.30pm to 6.30am - $ 4.00 flat,After 2pm - $4.00 flat,$4.00 flat,
Landmark Village Hotel,39.6441841,-106.3895187,South & CBD,8am-5pm: $1.90 for 1st hr; $1.07 for sub. ½ hr,Aft 5pm: $2.14 per entry,Same as wkdays,$2.14 per entry,
Liang Court,1.2915315,103.8446088,South & CBD,7am-5pm: $1.07 per hr,Aft 5pm: $3.21 per entry,7am-1pm: $1.07 per hr; Aft 1pm: $3.21 per entry,$3.21 per entry,
M Hotel,35.9656455,-115.1686989,South & CBD,7am-6pm: $1.50 per ½ hr,Aft 6pm: $3 per entry,"Charges same as wkdays, but $3 per entry after 1pm",$3 per entry,
Mandarin Oriental Hotel,40.7689873,-73.9830172,South & CBD,Mon-Thu: 7am-5pm: $2.20 for 1st 2hrs; $1.10 per ½ hr for sub. ½ hr (Car Park at Marina Square),Mon-Thu: 5pm-2am: $2.20 per entry; 2am-7am: $1.10 per ½ hr,Fri/Sat-Sun/PH: 7am-2am :$2.40 for 1st 2 hrs; $1.20 per hr for sub. 2hrs; $1.40 per ½ hr for sub. ½ hr after 4 hrs of parking. 2am-7am: $1.10 per ½ hr,Same as Saturday,
"Marina Bay Financial Centre Tower 1, 2 ,3 & Marina Bay Link Mall",1.2795303,103.8543391,South & CBD,6am-6pm: $1.07 per 10 mins,Aft 6pm: $3.21 for 1st 4hrs; $0.27 for sub. 10 mins,$3.21 for 1st 4hrs; $0.27 for sub. 10 mins,Same as Saturday,
Marina Bay Sands,1.2846547,103.8609937,South & CBD,7am-7pm: $7 for 1st hr; $1 for sub.½ hr; (Capped at $26 every 24hrs),Aft 7pm: $7 per entry,"Sat, Sun & Eve of PH: 7am-7pm: $8 for 1st hr; $1 for sub. ½ hr; Aft 7pm: $8 per entry",Same as Saturday,
Marina Mandarin Hotel,38.8836589,-77.0303185,South & CBD,Mon-Thu: 7am-5pm: $2.20 for 1st 2hrs; $1.10 per ½ hr for sub. ½ hr (Car Park at Marina Square),Mon-Thu: 5pm-2am: $2.20 per entry; 2am-7am: $1.10 per ½ hr,Fri/Sat-Sun/PH: 7am-2am :$2.40 for 1st 2 hrs; $1.20 per hr for sub. 2hrs; $1.40 per ½ hr for sub. ½ hr after 4 hrs of parking. 2am-7am: $1.10 per ½ hr,Same as Saturday,
Marina Square,33.9803178,-118.4377502,South & CBD,Mon-Thu: 7am-5pm: $2.20 for 1st 2hrs; $1.10 per ½ hr for sub. ½ hr,Mon-Thu: 5pm-2am: $2.20 per entry; 2am-7am: $1.10 per ½ hr,Fri/Sat-Sun/PH: 7am-2am :$2.40 for 1st 2 hrs; $1.20 per hr for sub. 2hrs; $1.40 per ½ hr for sub. ½ hr after 4 hrs of parking. 2am-7am: $1.10 per ½ hr,Same as Saturday,
Merchant Square,33.3311599,-111.8407476,South & CBD,8am-6pm: $2 for 1st ½ hr; $1 for sub. hr,Aft 6pm: $3 per entry,$3 per entry,$3 per entry,
Millenia Singapore,1.2909687,103.8601209,South & CBD,7am-6pm: $3.30 for 1st hr; $1.10 for sub.½ hr,Aft 6pm: $2.20 per entry,$2.20 for 1st 2hrs; $1.10 for sub. hr,Same as Saturday,
Millenia Walk (Basement Car Park),1.2928181,103.8598344,South & CBD,7am-6pm: $3.30 for 1st hr; $1.10 for sub.½ hr,Aft 6pm: $2.20 per entry,$2.20 for 1st 2hrs; $1.10 for sub. hr,Same as Saturday,
Millenia Walk (Surface parking @ L1),1.2928181,103.8598344,South & CBD,7am-6pm: $4.28 for 1st hr; $1.605 for sub. ½ hr,Aft 6pm: $4.28 for 1st 2hrs; $1.605 for sub. hr,$4.28 for 1st 2hrs; $1.605 for sub. hr,Same as Saturday,
Neil Road Off-Street,39.4807585,-119.781898,South & CBD,$1.00 per 30 mins (Per Minute Charging),$0.50 per 30 mins (Per Minute Charging),0700-1700:$1.00 per 30 mins; 1700-0700: $0.50 per 30 mins (Per Minute Charging),$0.50 per 30 mins (Per Minute Charging),
North Bridge Centre,26.7175988,-80.0515277,South & CBD,8am-5pm: $1.30 per ½ hr,5pm-11pm: $3 per entry,$3 per entry,$3 per entry,
Novotel Clarke Quay,1.313799,103.8287648,South & CBD,7am-5pm: $1.07 per hr,Aft 5pm: $3.21 per entry,7am-1pm: $1.07 per hr; Aft 1pm: $3.21 per entry,$3.21 per entry,
OCBC centre,1.2854302,103.8493334,South & CBD,7am-6pm: $4 per hr,Aft 6pm: $3 per entry,$3 per entry,$3 per entry,
One Fullerton,1.2861349,103.8539595,South & CBD,7am-6pm: $2.50 per ½ hr,Aft 6pm: $5 per entry,$5 per entry,$5 per entry,
One Raffles Quay,1.2811201,103.8514501,South & CBD,6am-6pm: $1.07 per 10mins,Aft 6pm: $3.21 for 1st 4hrs; $0.27 per sub. 10 mins,$3.21 for 1st 4hrs; $0.27 per sub. 10 mins,Same as Saturday,
OUB Centre,1.284177,103.851063,South & CBD,7am-5pm : $2.62 per ½ hr,Aft 5pm: $3.21 per entry,Same as wkdays,Same as wkdays,
OUE Bayfront (Formerly Overseas Union House),1.2826632,103.8528142,South & CBD,7am-5.59pm: $0.86 per 10mins block,Aft 6pm: $3.21 per entry,7am-2.59pm: $0.86 per 10mins block. 3pm-11.59am $3.21 per entry,$3.21 per entry,
Pan Pacific Hotel,49.2878274,-123.1134453,South & CBD,Mon-Fri: 7am-5pm: $2.20 for 1st 2hrs; $1.10 per ½ hr for sub. ½ hr (Car Park at Marina Square),Mon-Fri: 5pm-2am: $2.20 per entry; 2am-7am: $1.10 per ½ hr,7am-2am :$2.40 for 1st 2 hrs; $1.20 per hr for sub. 2hrs; $1.20 per ½ hr for sub. ½ hr after 4 hrs of parking. 2am-7am: $1.10 per ½ hr,Same as Saturday,
Parklane Shopping Mall,37.669187,-97.2790639,South & CBD,7am-7pm: $2.50 for 1st hr; $1.25 for sub. ½ hr,7pm-12am: $2.50 per entry. Aft 12am: $2.50 per entry,Same as wkdays,7am-12am: $3 per entry,
PARKROYAL on Beach Road,1.2999813,103.8606414,South & CBD,7am-5pm: Multi Storey Carpark - $2.50 for 1st hr; $1.50 for sub. ½ hr. Hotel Driveway - $6 for 1st hr; $2 for sub. ½ hr.,Aft 5pm: Multi Storey Carpark - $2.50 per entry. Hotel Driveway - $6 per entry.,Charges same as wkdays but $2.50 per entry (Multi-Storey Carpark) & $6 per entry (Hotel Driveway) after 1pm.,Multi-Storey Carpark - $2.50 per entry. Hotel Driveway - $6 per entry.,
Pearl's Centre,1.2814774,103.8406251,South & CBD,8.30am-5pm: $1.20 per ½ hr (max $22.90),Aft 5pm: $2.50 per entry,Same as wkdays,$2.50 per entry,
Peninsula Excelsior Hotel,1.2921301,103.8499727,South & CBD,8am-5pm: $2.60 for 1st hr; $1.50 for sub. ½ hr,Aft 5pm: $4 per entry,Same as wkdays,8am-5pm: $1.50 per hr; Aft 5pm: $4 per entry,
Peninsular Plaza,26.3715301,-80.0751783,South & CBD,Season Parking Only,Season Parking Only,Season Parking Only,Season Parking Only,
People's Park Centre,1.2857964,103.8440022,South & CBD,7am-5pm: $1.50 per ½ hr,Aft 5pm: $2.50 per entry,Same as wkdays,Same as wkdays,
PoMo (Fomerly Paradiz Centre),35.0877069,-92.4155991,South & CBD,8am-5pm: $1.25 per ½ hr,Aft 5pm: $2.95 per entry,Same as wkdays,$2.95 per entry,
PWC Building,32.7906484,-96.8016137,South & CBD,8am-6pm: $2.20 per ½ hr,Aft 6pm: $3 per entry,$3 per entry,Closed,
Raffles City,1.29401,103.8531473,South & CBD,8am-5.59pm: $2.20 for 1st hr; $0.55 for sub. 15mins,6pm-7.59am: $3 per entry,"$2.20 for 1st 2hrs, $0.40 for sub. 15mins for 3rd and 4th hr, $0.60 for sub. 15mins for 5th hr onwards.",Same as Saturday,
Raffles Hotel,43.645563,-79.3861104,South & CBD,12am-6pm: $3 for 1st ½ hr; $1.50 for sub. ½ hr,6pm-12am: $6 per entry,Same as wkdays,$6 per entry,
Republic Plaza,39.7437448,-104.9885105,South & CBD,7am-5pm: $3 per ½ hr,Aft 5pm: $3 per entry,"Charges same as wkdays, but $3 per entry after 12pm",$3 per entry,
Resorts World Sentosa,1.255179,103.8218107,South & CBD,Mon-Thu: 7am-7pm: $7 for 1st hr; $1 for sub. ½ hr or part thereof. (Max: $28 per 24 hrs),Aft 7pm: $6 per entry,Fri/Sat-Sun/PH: 7am-7pm: $8 for 1st hr; $2 for sub. ½ hr or part thereof.  Aft 7pm: $8 per entry (Max: $28 per 24 hrs),Same as Saturday,
Robertson Walk,1.2920186,103.8414078,South & CBD,6am-6pm: $1.50 for 1st hr or part thereof; $0.50 for sub. ½ hr or part thereof.,Aft 6pm: $4 per entry,Same as wkdays,$4 per entry,
Robinson 77 (Formerly SIA Building),1.2778188,103.8483834,South & CBD,7am-5pm: $2.4 per ½ hr,5pm-11pm: $2.4 per entry,"Charges same as wkdays, but $2.4 per entry after 2pm",$2.4 per entry,
Robinson Centre,40.4544518,-80.1571224,South & CBD,8am-5pm: $2 per ½ hr,Aft 5pm: $3 per entry,"Charges same as wkdays, but $2 per entry after 1pm",Same as Saturday,
"School of the Arts, Singapore (SOTA)",1.2993871,103.8486967,South & CBD,7.00am-5.59pm: $2.50 per hr,6pm-2am (the next day): $5 per entry. 2.01am-6.59am: $5 (additional flat fee for overnight parking),7am-5.59pm: $2.50 per hr. 6pm-2am (the next day): $5 per entry. 2.01am-6.59am: $5 (additional flat fee for overnight parking),Same as Saturday,
SGX Centre,1.2794432,103.8498877,South & CBD,7am-5pm: $2.50 per ½ hr,5pm-10pm: $3 per entry (The car park closed at 10pm daily),7am-10pm: $3 per entry,Same as Saturday,
Shenton House,1.2787491,103.8500095,South & CBD,8am-5.30pm: $3 per ½ hr,Aft 5.30pm: $3 per entry,"Charges same as wkdays, but $3 per entry after 2pm",$3 per entry,
Sim Lim Square,1.3030433,103.8529208,South & CBD,3:30am-6pm: $0.05 per min,Aft 6pm: $2 per entry (1st hr Free parking from 6pm-10pm daily inclusive of PH),Same as wkdays,Same as wkdays,
Sim Lim Tower,1.3037844,103.8546083,South & CBD,8am-6pm: $1.50 per ½ hr,Aft 6pm: $3 per entry,Same as wkdays,$3 per entry,
"Singapore General Hospital (Carpark C, E, G & I)",1.279677,103.835984,South & CBD,7am-9.59pm: $0.036 per min/$2.16 per hr,10pm-6.59am: $2.14 per entry,Same as wkdays,7am-9.59pm: $0.018 per min/$1.08 per hr; Aft 10pm: $2.14 per entry,
Singapore General Hospital (Multi-Storey Carpark H),1.2799951,103.8306661,South & CBD,7am-9.59pm: $0.018 per min/$1.08 per hr,10pm-6.59am: $2.14 per entry,Same as wkdays,$2.14 per entry,
Singapore Land Tower,1.2847487,103.8519923,South & CBD,For Tenants only,-,-,-,
Six Battery Road,1.2856141,103.8519726,South & CBD,7am-6pm: $3.10 per ½ hr,Aft 6pm: $3.70 per entry,"Charges same as wkdays, but $3.70 per entry after 1pm",$3.70 per entry,
Sunshine Plaza,26.188285,-80.2057253,South & CBD,7am-6pm: $1.07 per ½ hr,Aft 6pm: $3.21 per entry,Same as wkdays,Same as wkdays,
Suntec City,1.29503,103.8583026,South & CBD,7am-5pm: $2.20 for 1st hr; $1.10 for sub. ½ hr (excluding PH),5pm-12am:$2.20 per entry; Aft 12am:$1.10 per hr,$1.10 per hr,Same as Saturday,
Swissotel Merchant Court Hotel,1.2884308,103.8458053,South & CBD,Daily: $4.50 for 1st hr; $3 for sub. hr,-,-,-,
Swissotel The Stamford Hotel,1.2932771,103.8535076,South & CBD,8am-5pm: $2 for 1st hr; $0.50 for sub. 15mins (Car park at Raffles City Shopping Centre),Aft 5pm: $2.50 per entry,$2 for 1st 2hrs; $0.30 for sub. 15mins,Same as Saturday,
Tanjong Katong Complex,1.303903,103.9011732,South & CBD,HDB coupon parking,HDB coupon parking,HDB coupon parking,HDB coupon parking,
The Adelphi,43.080664,-73.786248,South & CBD,6am-5pm: $2.40 for 1st hr; $1.20 for sub. ½ hr,5pm-1am: $3.21 per entry,Same as wkdays,6am-1am: $3.21 per entry,
The Concourse,35.9647345,-83.9294797,South & CBD,7am-5pm: $2.14 for 1st hr; $1.07 for sub. ½ hr,Aft 5pm: $2.14 per entry,"Charges same as wkdays, but $1.07 per entry after 12pm",$1.07 per entry,
The Corporate Office,37.09024,-95.712891,South & CBD,7am-5pm: $4 per hr,Aft 5pm: $2.50 per entry,Same as wkdays,Closed,
The Esplanade,34.7643374,-92.290744,South & CBD,6am-6pm: $2 per hr ($1.50 per ½ hr at Waterfront car park daily) 12pm-2pm $2 per entry,6pm-10pm: $6 per entry; Aft 10pm: $2 per entry,6am-6pm: $2 per hr ($1.50 per ½ hr at Waterfront car park daily),Same as Saturday,
UE Square,1.2921679,103.8426697,South & CBD,8am-5pm: $2.00 for 1st hr; $1 for sub. hr,Aft 5pm: $3 per entry,8am-1pm: $2.00 for 1st hr; $1 for sub. hr; Aft 11pm: $3 per entry,$3 per entry,
UOB Plaza,1.2855285,103.8507799,South & CBD,7am-6pm: $2.50 per ½ hr,6pm-12am: $3.50 per entry. Aft 12am: $3.50 per entry,7am-12am: $3.50 per entry. Aft 12am $3.50 per entry,Same as Saturday,
Vivocity,1.2644032,103.8222071,South & CBD,7am-6pm: $1.20 for 1st hr; $0.60 for sub. ½ hr,6.01pm-4am: $3 per entry; Aft 4am: $2.50 per hr,7am-6pm: $1.40 for 1st hr; $0.70 for sub. ½ hr; 6.01pm-4am: $3.50 per entry; Aft 4am: $2.50 per hr,Same as Saturday,
27 West Coast Highway,33.6202018,-117.9235245,West,0000-0700: $0.75 / 30 mins (Capped at $4.28). 0700-2000: $0.75 / 30 mins (Capped at $4.28),-,-,-,
798 Upper Bukit Timah Road,1.3735059,103.763909,West,0000-0700: $2.14 /30 mins. 0700-0000: $1.07 /30 mins.,-,-,-,
Alexandra Retail Centre,1.2737935,103.8016048,West,7am to 6pm: $2/hr or part thereof.,6pm to 12mn: $2.40/entry; 12 mn to 7am: $2.40/hr or part thereof.,7am to 10am: $2/hr or part thereof; 10am to 12mn: $2.40/entry; 12 mn to 7am: $2.40/hr or part thereof.,7am to 12mn: $2.40/entry; 12 mn to 7am: $2.40/hr or part thereof.,
Anchorpoint Shopping Centre,1.2887706,103.8050762,West,8am-6.59pm: $1 for 1st ½ hr or part thereof; $2 for sub hr or part thereof.,7pm-7.59am: $2.50 per entry.,Same as wkdays,Same as wkdays,
Bukit Panjang Plaza,1.3800396,103.7642339,West,"12am to 6pm :$1.07 for 1st hr, $0.32/min for sub.min.",6pm-12am: $2.14 per entry,"12am to 6pm :$2.14 for 1st 2 hr, $0.32 for sub 15mins",Same as Saturday,
Bukit Timah Plaza (Multi-Storey Car Park),1.3385566,103.7786133,West,7.30am-5pm: $1.28 per hr,5pm-12am: $2.25 per entry. Aft 12am: $2.25 per entry,Same as wkdays,Same as wkdays,
Bukit Timah Shopping Centre,1.3433626,103.7759097,West,8am-5pm: $1.25 per hr,Aft 5pm: $2.10 per entry,Same as wkdays,Same as wkdays,
Coronation Shopping Plaza,1.3239058,103.8099918,West,Daily(7.01am-7am): $2 per hr.,-,-,-,
Holland Road Shopping Centre,36.8202706,-76.1205507,West,12am-8.59pm: $1.55 per ½ hr,Aft 9pm: $3.25 per entry,Same as wkdays,Same as wkdays,
IKEA (Alexandra),1.2880072,103.8060273,West,"Daily :$0.05 per min, $1.50 per 30 Mins (subsequently charged on a per minute basis)",-,-,-,
IMM Building,46.8517124,-100.7910201,West,Free for 1st 2hrs for first entry only. Chargeable after 2nd hr of 1st entry @ $1.07 /hr; $0.30 for sub. 15 mins.,-,-,-,
JCube,1.33331,103.7401992,West,3.30am-5.59pm: $1.30 for 1st hr; sub 15 mins or part thereof: $0.30. *Free 2 Hour Parking from 12 - 2pm daily (Monday - Friday) from now to 15 Oct 2015.,6pm-3.29am: $2.50 per entry,Same as wkdays,Same as wkdays,
Junction 10,1.3798647,103.7606506,West,$1.25 for 1st hr; $0.65 for sub. hr,-,Same as wkdays,Same as wkdays,
Jurong Point Shopping Centre,1.3397443,103.7067297,West,7am-5pm: $1.07 for 1st 2hrs; $1.07 for sub. hr (Free parking from 12pm-2pm on Monday-Thursday),5pm-9pm: $2.14 for 1st 2hrs; $1.07 for sub. hr; Aft 9pm: $1.07 for 1st 3hrs; $1.07 for sub. hr,$2.14 for 1st 2hrs; $1.07 for sub. hr; Aft 9pm: $1.07 for 1st 3hrs; $1.07 for sub. hr,Same as Saturday,
Jurong Theatre,36.329675,-119.288826,West,8am-8.59pm: $1.60 per hr,Aft 9pm: $3 per entry,Same as wkdays,$3 per entry,
Lot 1 Shopping Centre,1.3851169,103.7449142,West,12am-5.59pm: $1.07 for 1st hr; $0.32 for sub. 15 mins.,"Mon-Thurs, 6pm-11.59pm: $2.14 per entry. Fri & Eve of PH, 6pm-2.59am: $2.14 per entry.",3am-5.59pm: $2.14 for 1st 2-hrs; $0.32 for sub. 15 mins. 6pm-2.59am: $2.14 per entry.,3am-5.59pm: $2.14 for 1st 2-hrs; $0.32 for sub. 15 mins. 6pm-11.59am: $2.14 per entry.,
NUH,28.1023894,76.9931074,West,Daily: $0.03 per min,-,-,-,
Queensway Shopping Centre,43.6199095,-79.5237135,West,8am-6pm: $2 for 1st 1½hr; $1.20 for sub. ½ hr,Aft 6pm: $2.30 per entry,8am-6pm: $1.50 for 1st 1hr; $1.20 for sub. ½ hr; Aft 6pm: $2.30 per entry,Same as wkdays,
Savoy Theatre,44.2590231,-72.5764894,West,8am-5pm: $1.20 per hr,Aft 5pm: $3.00 per entry,Same as wkdays,$3.00 per entry,
Serene Centre,1.3225694,103.8137118,West,8am-10pm: $1.53 for 1st hr; $1.53 for sub. ½ hr,Aft 10pm: $1.53 per entry,Same as wkdays,Same as wkdays,
Sunshine Place,43.1780927,-89.2411618,West,HDB coupon parking,HDB coupon parking,HDB coupon parking,HDB coupon parking,
The Clementi Mall,1.314918,103.7643089,West,Daily: $1.50 for 1st hr; $0.80 for sub. ½ hr,-,-,-,
The Metropolis,40.7521707,-73.9741715,West,"6am-6pm: $2.50 for 1st hr, sub $1.25 per 1/2 hr",Time period 1: 6pm-12am: $2.50 per entry; Time period 2: 12am-6am: $2.50 per entry,6am - 6pm: $1.00 per hour or part thereof; Aft 6pm same as wkdays,6am - 6pm: $1.00 per hour or part thereof; Aft 6pm same as wkdays,
The Star Vista,1.3068072,103.7883997,West,"12am-11.59pm:$1.30 for 1st hr, $0.65 for sub. 30 mins or part thereof.","$1.30 for 1st hr, $0.65 for sub. 30 mins or part thereof.",Sat & PH: Same as wkdays,"Sun:12am-11.59pm: $2.14 for 1st hr, $1.07 for sub. 30 mins or part thereof.",
Tiong Bahru Plaza,1.2865081,103.8277527,West,$1.50 for 1st hr; $0.80 for sub. ½ hr,$1.50 for 1st hr; $0.80 for sub. ½ hr,Same as wkdays,7am-6pm:$1.50 per hr; Aft 6pm: $3.60 per entry,
Turf City,40.9267767,-74.2699257,West,Daily: Free parking,-,-,-,
Valley Point,37.8434064,-97.3653919,West,Daily: $1.50 for 1st hr; $0.80 for sub. ½ hr,-,-,-,
West Coast Plaza (Ginza Plaza),1.303632,103.766452,West,$1.25 for 1st hr; $1.00 for sub. ½ hr,$1.25 for 1st hr; $1.00 for sub. ½ hr,$1.50 for 1st hr; $1.00 for sub. ½ hr,Same as Saturday,
West Mall,37.6778456,-97.3999493,West,6am-5pm : $1.10 for 1st 2hrs or part thereof; $0.60 for sub. ½ hr or part thereof.,5pm-6am: $2.50 per entry.,6am-5pm: $1.10 for 1st hr or part thereof; $0.60 for sub. ½ hr or part thereof; 5pm-6am: $2.50 per entry.,6am-6am next day: $2.50 per entry.,
Westgate,39.0173136,-94.7326034,West,Daily: $1.30 for 1st hr; $0.50 for sub. 15 mins,6pm - 11.59pm: $2.50 per entry,Same as wkdays,Same as wkdays,
Yew Tee Point,1.39716,103.7468352,West,Daily: $1.18 for 1st hr; $0.64 for sub. ½ hr or part thereof.,-,-,-,